city,temperature,carbon_intensity,date_time
Paris,5.42,64.0,2025-01-15 13:04:50
Paris,5.32,64.0,2025-01-15 13:36:11
Paris,5.32,64.0,2025-01-15 13:35:03
Paris,5.37,41.0,2025-01-31 15:29:16
Paris,5.37,41.0,2025-01-31 15:29:16
Paris,5.37,41.0,2025-01-31 15:29:16
Paris,5.37,41.0,2025-01-31 15:34:02
Paris,5.37,41.0,2025-01-31 15:34:02
Paris,5.37,41.0,2025-01-31 15:34:02
Paris,5.37,41.0,2025-01-31 15:34:02
Paris,5.37,41.0,2025-01-31 15:33:28
Paris,5.37,41.0,2025-01-31 15:33:28
Paris,5.37,41.0,2025-01-31 15:33:28
Paris,5.37,38.0,2025-01-31 15:33:28
Paris,5.13,38.0,2025-01-31 15:43:46
Paris,5.37,38.0,2025-01-31 15:39:28
Paris,4.91,39.0,2025-01-31 16:10:04
Paris,4.91,39.0,2025-01-31 16:10:04
Paris,4.91,39.0,2025-01-31 16:10:04
Paris,4.36,39.0,2025-01-31 16:25:35
Paris,4.36,39.0,2025-01-31 16:25:35
Paris,4.36,39.0,2025-01-31 16:25:35
Paris,4.36,39.0,2025-01-31 16:25:35
Paris,4.36,39.0,2025-01-31 16:25:35
Paris,4.16,39.0,2025-01-31 16:34:14
Paris,4.36,39.0,2025-01-31 16:28:16
Paris,4.36,39.0,2025-01-31 16:28:16
Paris,4.36,39.0,2025-01-31 16:28:16
Paris,4.14,39.0,2025-01-31 16:38:25
Paris,4.14,39.0,2025-01-31 16:38:25
Paris,4.14,39.0,2025-01-31 16:38:25
Paris,4.14,39.0,2025-01-31 16:38:25
Paris,4.16,40.0,2025-01-31 16:35:41
Paris,4.16,40.0,2025-01-31 16:35:41
Paris,4.16,40.0,2025-01-31 16:35:41
Paris,4.16,40.0,2025-01-31 16:35:41
Paris,4.16,40.0,2025-01-31 16:35:41
Paris,4.03,40.0,2025-01-31 16:45:00
Paris,4.03,40.0,2025-01-31 16:45:00
Paris,4.03,40.0,2025-01-31 16:43:27
Paris,4.03,40.0,2025-01-31 16:43:27
Paris,4.03,40.0,2025-01-31 16:43:27
Paris,4.03,40.0,2025-01-31 16:43:27
Paris,4.03,40.0,2025-01-31 16:46:15
Paris,4.03,41.0,2025-01-31 16:50:01
Paris,4.03,41.0,2025-01-31 16:50:01
Paris,4.03,41.0,2025-01-31 16:50:01
Paris,4.03,41.0,2025-01-31 17:00:02
Paris,4.03,41.0,2025-01-31 17:00:02
Paris,4.03,41.0,2025-01-31 17:00:02
Paris,4.03,41.0,2025-01-31 17:00:02
Paris,3.94,41.0,2025-01-31 17:03:01
Paris,3.94,41.0,2025-01-31 17:03:01
Paris,3.94,41.0,2025-01-31 17:03:01
Paris,3.94,41.0,2025-01-31 17:03:01
Paris,3.94,41.0,2025-01-31 17:10:17
Paris,3.94,41.0,2025-01-31 17:10:17
Paris,3.94,41.0,2025-01-31 17:05:07
Paris,3.94,41.0,2025-01-31 17:05:07
Paris,3.94,41.0,2025-01-31 17:05:07
Paris,3.94,41.0,2025-01-31 17:15:26
Paris,3.94,41.0,2025-01-31 17:15:26
Paris,3.94,41.0,2025-01-31 17:15:26
Paris,3.56,41.0,2025-01-31 17:27:00
Paris,3.59,41.0,2025-01-31 17:23:43
Paris,3.59,41.0,2025-01-31 17:23:43
Paris,3.37,41.0,2025-01-31 17:32:35
Paris,3.37,41.0,2025-01-31 17:32:35
Paris,3.37,41.0,2025-01-31 17:33:15
Paris,3.37,41.0,2025-01-31 17:33:15
Paris,3.37,41.0,2025-01-31 17:33:15
Paris,3.37,41.0,2025-01-31 17:33:15
Paris,3.37,41.0,2025-01-31 17:33:15
Paris,3.16,49.0,2025-01-31 17:58:27
Paris,3.16,49.0,2025-01-31 17:58:27
Paris,3.16,49.0,2025-01-31 17:58:27
Paris,3.16,49.0,2025-01-31 17:58:27
Paris,2.93,49.0,2025-01-31 18:02:16
Paris,2.93,49.0,2025-01-31 18:02:16
Paris,3.16,49.0,2025-01-31 17:58:50
Paris,3.16,49.0,2025-01-31 17:58:50
Paris,2.9,49.0,2025-01-31 18:11:28
Paris,2.9,49.0,2025-01-31 18:11:28
Paris,2.9,49.0,2025-01-31 18:11:28
Paris,6.01,52.0,2025-02-10 16:23:39
Paris,6.01,52.0,2025-02-10 16:23:39
Paris,6.01,52.0,2025-02-10 16:23:39
Paris,6.01,52.0,2025-02-10 16:26:57
Paris,3.67,75.0,2025-02-11 21:23:04
Paris,3.67,75.0,2025-02-11 21:23:04
Paris,3.67,75.0,2025-02-11 21:23:04
Paris,3.39,75.0,2025-02-11 21:33:22
Paris,3.39,75.0,2025-02-11 21:33:22
Paris,3.67,75.0,2025-02-11 21:27:24
Paris,3.67,75.0,2025-02-11 21:27:24
Paris,3.67,75.0,2025-02-11 21:27:24
Paris,3.39,75.0,2025-02-11 21:33:22
Paris,3.39,75.0,2025-02-11 21:33:22
Dakar,18.61,75.0,2025-02-11 21:26:31
Paris,3.39,75.0,2025-02-11 21:33:22
Paris,3.39,75.0,2025-02-11 21:33:22
Paris,3.39,75.0,2025-02-11 21:38:25
Paris,3.39,75.0,2025-02-11 21:38:25
Paris,3.38,77.0,2025-02-11 21:42:15
Paris,3.14,77.0,2025-02-11 21:53:06
Paris,3.14,77.0,2025-02-11 21:53:06
Paris,3.14,77.0,2025-02-11 21:53:06
Paris,3.14,77.0,2025-02-11 21:53:06
Paris,3.14,77.0,2025-02-11 21:53:06
Paris,3.38,77.0,2025-02-11 22:04:20
Paris,3.38,77.0,2025-02-11 22:03:32
Paris,3.38,77.0,2025-02-11 22:03:32
Paris,3.38,77.0,2025-02-11 22:03:32
Paris,3.38,77.0,2025-02-11 22:10:33
Paris,3.38,77.0,2025-02-11 22:04:20
Paris,2.98,77.0,2025-02-11 22:13:43
Paris,3.38,77.0,2025-02-11 22:09:19
Dakar,18.66,77.0,2025-02-11 22:10:45
Oslo,-7.08,77.0,2025-02-11 22:19:25
Arrondissement de Marseille,9.94,77.0,2025-02-11 22:18:15
Paris,3.38,77.0,2025-02-11 22:09:19
Marrakesh,14.04,77.0,2025-02-11 22:20:56
Paris,2.53,76.0,2025-02-11 23:11:33
Paris,2.53,76.0,2025-02-11 23:11:33
Paris,2.53,76.0,2025-02-11 23:11:33
Paris,2.53,76.0,2025-02-11 23:11:33
Paris,2.62,76.0,2025-02-11 23:21:28
Paris,2.62,76.0,2025-02-11 23:21:28
Paris,2.62,76.0,2025-02-11 23:21:28
Paris,2.62,76.0,2025-02-11 23:21:28
Paris,2.62,76.0,2025-02-11 23:27:18
Paris,2.62,76.0,2025-02-11 23:27:18
Paris,2.62,76.0,2025-02-11 23:27:18
Paris,2.62,76.0,2025-02-11 23:27:18
Paris,2.62,76.0,2025-02-11 23:27:18
Paris,2.62,76.0,2025-02-11 23:27:18
Paris,2.62,76.0,2025-02-11 23:27:18
Paris,2.62,76.0,2025-02-11 23:31:37
Paris,2.62,76.0,2025-02-11 23:31:37
Paris,2.62,76.0,2025-02-11 23:31:37
Paris,2.62,76.0,2025-02-11 23:31:37
Paris,2.62,76.0,2025-02-11 23:31:37
Paris,2.36,76.0,2025-02-11 23:43:07
Paris,2.36,76.0,2025-02-11 23:43:07
Paris,2.36,72.0,2025-02-11 23:43:07
Paris,2.36,72.0,2025-02-11 23:42:15
Paris,2.36,72.0,2025-02-11 23:42:15
Paris,2.62,72.0,2025-02-11 23:37:31
Paris,2.62,72.0,2025-02-11 23:37:31
Paris,2.62,72.0,2025-02-11 23:37:31
Paris,2.62,72.0,2025-02-11 23:37:31
Paris,2.36,72.0,2025-02-11 23:48:04
Paris,2.36,72.0,2025-02-11 23:46:07
Paris,2.36,72.0,2025-02-11 23:46:07
Paris,2.36,72.0,2025-02-11 23:46:07
Paris,2.36,72.0,2025-02-11 23:46:07
Paris,2.36,72.0,2025-02-11 23:48:36
Paris,2.36,72.0,2025-02-11 23:48:36
Paris,2.36,72.0,2025-02-11 23:48:36
Paris,2.36,66.0,2025-02-11 23:48:36
Paris,2.36,66.0,2025-02-11 23:48:36
Paris,2.36,66.0,2025-02-11 23:53:12
Paris,2.36,66.0,2025-02-11 23:53:12
Paris,2.36,66.0,2025-02-11 23:53:12
Paris,2.36,66.0,2025-02-12 00:00:39
Paris,2.36,66.0,2025-02-12 00:00:39
Paris,2.36,66.0,2025-02-12 00:00:39
Paris,2.36,66.0,2025-02-12 00:00:39
Paris,4.97,66.0,2025-02-12 12:01:46
Paris,4.97,66.0,2025-02-12 12:01:46
Paris,5.13,66.0,2025-02-12 12:22:20
Paris,5.13,66.0,2025-02-12 12:22:20
Paris,5.13,66.0,2025-02-12 12:22:20
Paris,5.13,66.0,2025-02-12 12:20:02
Paris,5.13,66.0,2025-02-12 12:18:27
Paris,5.13,66.0,2025-02-12 12:18:27
Paris,5.13,66.0,2025-02-12 12:18:27
Paris,5.13,66.0,2025-02-12 12:29:30
Paris,5.13,66.0,2025-02-12 12:28:52
Paris,5.13,66.0,2025-02-12 12:34:37
Paris,5.13,66.0,2025-02-12 12:34:37
Paris,5.13,66.0,2025-02-12 12:34:37
Dakar,21.07,66.0,2025-02-12 12:36:52
Paris,5.16,69.0,2025-02-12 13:01:20
Paris,5.16,69.0,2025-02-12 13:01:20
Paris,5.35,69.0,2025-02-12 13:05:01
Paris,5.35,69.0,2025-02-12 13:05:01
Paris,5.35,69.0,2025-02-12 13:05:01
Paris,5.35,69.0,2025-02-12 13:05:01
Paris,5.35,69.0,2025-02-12 13:05:01
Paris,5.35,69.0,2025-02-12 13:06:23
Paris,5.35,69.0,2025-02-12 13:06:23
Paris,5.32,69.0,2025-02-12 13:24:59
Paris,5.32,69.0,2025-02-12 13:24:59
Paris,5.32,69.0,2025-02-12 13:24:59
Paris,5.32,69.0,2025-02-12 13:24:59
Paris,5.32,69.0,2025-02-12 13:24:59
Paris,5.32,69.0,2025-02-12 13:24:59
Paris,5.32,69.0,2025-02-12 13:24:59
Paris,5.32,69.0,2025-02-12 13:24:59
Paris,5.32,69.0,2025-02-12 13:35:09
Paris,5.32,69.0,2025-02-12 13:34:46
Paris,5.07,69.0,2025-02-12 13:41:06
Paris,5.07,73.0,2025-02-12 13:41:06
Paris,5.07,73.0,2025-02-12 13:41:06
Paris,5.13,73.0,2025-02-12 13:37:31
Paris,5.07,73.0,2025-02-12 13:45:18
Paris,5.07,73.0,2025-02-12 13:45:18
Paris,5.07,73.0,2025-02-12 13:45:18
Paris,5.07,73.0,2025-02-12 13:45:18
Paris,5.07,73.0,2025-02-12 13:45:18
Paris,5.07,73.0,2025-02-12 13:45:18
Paris,5.07,73.0,2025-02-12 13:45:18
Paris,5.07,73.0,2025-02-12 13:45:18
Paris,5.07,73.0,2025-02-12 13:45:18
Paris,5.07,73.0,2025-02-12 13:45:18
Paris,5.07,73.0,2025-02-12 13:55:18
Paris,5.07,73.0,2025-02-12 13:55:18
Paris,5.07,72.0,2025-02-12 13:55:18
Paris,5.25,72.0,2025-02-12 14:33:04
Paris,5.25,72.0,2025-02-12 14:33:04
Paris,5.25,72.0,2025-02-12 14:46:09
Paris,5.25,72.0,2025-02-12 14:46:09
Paris,5.45,72.0,2025-02-12 14:39:23
Paris,5.45,72.0,2025-02-12 14:39:23
Paris,5.45,72.0,2025-02-12 14:39:23
Paris,5.45,72.0,2025-02-12 14:47:45
Paris,5.45,72.0,2025-02-12 14:47:45
Paris,5.25,72.0,2025-02-12 14:46:18
Paris,5.25,72.0,2025-02-12 14:46:18
Paris,5.25,72.0,2025-02-12 14:46:18
Paris,5.25,72.0,2025-02-12 14:46:18
Paris,5.47,72.0,2025-02-12 14:55:36
Paris,5.65,72.0,2025-02-12 17:40:09
Paris,5.65,72.0,2025-02-12 17:40:09
Paris,5.65,72.0,2025-02-12 17:40:09
Paris,5.65,72.0,2025-02-12 17:40:09
Paris,5.65,72.0,2025-02-12 17:40:09
Paris,5.65,72.0,2025-02-12 17:49:08
Paris,5.65,72.0,2025-02-12 17:49:08
Paris,5.65,72.0,2025-02-12 17:40:09
Paris,5.65,72.0,2025-02-12 17:44:05
Paris,5.65,72.0,2025-02-12 17:55:23
Paris,5.65,72.0,2025-02-12 17:55:23
Dakar,22.07,72.0,2025-02-12 17:56:42
Paris,5.65,72.0,2025-02-12 17:55:23
Paris,5.65,72.0,2025-02-12 17:55:23
Paris,5.65,72.0,2025-02-12 17:55:23
Paris,5.65,72.0,2025-02-12 17:56:03
Paris,5.65,72.0,2025-02-12 18:15:19
Paris,5.65,72.0,2025-02-12 18:15:19
Dakar,21.07,72.0,2025-02-12 18:18:40
Paris,5.65,72.0,2025-02-12 18:15:10
Paris,5.65,72.0,2025-02-12 18:15:10
Paris,5.65,72.0,2025-02-12 18:15:10
Paris,5.47,72.0,2025-02-12 18:25:44
Paris,5.52,72.0,2025-02-12 18:19:43
Paris,5.52,72.0,2025-02-12 18:20:12
Paris,5.47,72.0,2025-02-12 18:27:16
Paris,5.47,72.0,2025-02-12 18:27:16
Paris,5.47,72.0,2025-02-12 18:27:16
Paris,5.47,72.0,2025-02-12 18:30:04
Paris,5.47,72.0,2025-02-12 18:30:04
Paris,5.47,72.0,2025-02-12 18:30:04
Paris,5.47,72.0,2025-02-12 18:27:16
Paris,5.47,72.0,2025-02-12 18:27:16
Paris,5.47,72.0,2025-02-12 18:25:25
Paris,5.47,72.0,2025-02-12 18:35:20
Paris,5.47,72.0,2025-02-12 18:35:20
Paris,5.47,72.0,2025-02-12 18:35:20
Paris,5.47,72.0,2025-02-12 18:35:20
Paris,5.16,71.0,2025-02-12 22:12:55
Paris,5.16,71.0,2025-02-12 22:12:55
Paris,5.14,71.0,2025-02-12 22:20:12
Paris,5.14,71.0,2025-02-12 22:20:12
Paris,5.14,71.0,2025-02-12 22:20:12
Paris,5.14,71.0,2025-02-12 22:20:12
Paris,5.14,71.0,2025-02-12 22:20:12
Paris,5.16,71.0,2025-02-12 22:13:28
Paris,5.14,71.0,2025-02-12 22:25:22
Paris,5.14,71.0,2025-02-12 22:25:22
Paris,5.14,71.0,2025-02-12 22:25:22
Paris,5.14,71.0,2025-02-12 22:25:00
Paris,5.14,71.0,2025-02-12 22:25:22
Paris,5.14,71.0,2025-02-12 22:25:22
Paris,5.14,71.0,2025-02-12 22:25:22
Paris,5.14,71.0,2025-02-12 22:23:33
Paris,5.14,71.0,2025-02-12 22:23:33
Paris,5.14,71.0,2025-02-12 22:25:00
Paris,5.14,71.0,2025-02-12 22:25:00
Paris,5.14,71.0,2025-02-12 22:35:33
Paris,5.14,71.0,2025-02-12 22:35:33
Paris,5.14,71.0,2025-02-12 22:34:13
Paris,5.14,71.0,2025-02-12 22:34:13
Paris,5.14,71.0,2025-02-12 22:34:13
Paris,5.14,71.0,2025-02-12 22:34:13
Paris,5.14,71.0,2025-02-12 22:34:13
Paris,5.14,71.0,2025-02-12 22:40:12
Paris,5.14,71.0,2025-02-12 22:35:33
Paris,5.14,71.0,2025-02-12 22:35:33
Paris,4.48,71.0,2025-02-13 10:26:25
Paris,4.67,71.0,2025-02-13 10:37:37
Tokyo,5.19,71.0,2025-02-13 10:35:07
Paris,4.67,71.0,2025-02-13 10:37:37
Arrondissement de Marseille,12.16,71.0,2025-02-13 10:35:45
Arrondissement de Lyon,6.36,71.0,2025-02-13 10:36:02
Dakar,19.07,71.0,2025-02-13 10:35:23
Paris,4.67,71.0,2025-02-13 10:37:37
Paris,4.48,71.0,2025-02-13 10:35:27
Paris,4.82,72.0,2025-02-13 10:42:42
Paris,4.9,72.0,2025-02-13 10:47:06
Paris,4.9,72.0,2025-02-13 10:47:06
Paris,5.21,69.0,2025-02-13 11:29:02
Paris,5.21,69.0,2025-02-13 11:29:02
Paris,5.21,69.0,2025-02-13 11:24:58
Paris,5.21,69.0,2025-02-13 11:24:58
Paris,5.21,69.0,2025-02-13 11:24:51
Paris,5.21,69.0,2025-02-13 11:29:53
Paris,5.21,69.0,2025-02-13 11:29:02
Paris,5.21,69.0,2025-02-13 11:29:02
Paris,5.24,69.0,2025-02-13 11:34:07
Paris,5.24,69.0,2025-02-13 11:34:07
Paris,5.24,69.0,2025-02-13 11:34:07
Paris,5.24,69.0,2025-02-13 11:40:00
Paris,5.24,71.0,2025-02-13 11:40:00
Paris,5.24,71.0,2025-02-13 11:40:00
Paris,5.24,71.0,2025-02-13 11:39:06
Paris,5.24,71.0,2025-02-13 11:39:06
Paris,5.24,71.0,2025-02-13 11:39:06
Paris,5.24,71.0,2025-02-13 11:39:06
Paris,5.24,71.0,2025-02-13 11:39:44
Paris,5.4,71.0,2025-02-13 11:45:04
Paris,5.4,71.0,2025-02-13 11:45:04
Paris,5.4,71.0,2025-02-13 11:45:03
Paris,5.4,71.0,2025-02-13 11:45:03
Paris,5.4,71.0,2025-02-13 11:45:03
Paris,5.37,71.0,2025-02-13 11:55:21
Paris,5.37,71.0,2025-02-13 11:55:21
Paris,5.37,71.0,2025-02-13 11:55:21
Paris,5.37,67.0,2025-02-13 11:55:21
Paris,5.37,67.0,2025-02-13 11:55:21
Paris,5.44,67.0,2025-02-13 11:50:21
Paris,5.37,67.0,2025-02-13 12:00:20
Paris,5.37,67.0,2025-02-13 11:55:21
Paris,5.37,67.0,2025-02-13 11:55:21
Paris,5.37,67.0,2025-02-13 11:55:21
Paris,5.37,67.0,2025-02-13 11:55:21
Paris,5.37,67.0,2025-02-13 12:05:14
Paris,5.37,67.0,2025-02-13 12:00:13
Paris,5.37,67.0,2025-02-13 12:00:13
Paris,5.37,67.0,2025-02-13 12:00:13
Paris,5.37,67.0,2025-02-13 12:00:13
Paris,5.37,67.0,2025-02-13 12:00:13
Paris,5.37,67.0,2025-02-13 12:05:34
Paris,5.37,67.0,2025-02-13 12:05:34
Paris,5.37,67.0,2025-02-13 12:05:34
Paris,5.57,67.0,2025-02-13 12:15:55
Paris,5.57,67.0,2025-02-13 12:15:59
Paris,5.57,67.0,2025-02-13 12:15:59
Paris,5.57,67.0,2025-02-13 12:10:26
Paris,5.57,67.0,2025-02-13 12:10:26
Paris,5.57,67.0,2025-02-13 12:10:26
Paris,5.73,67.0,2025-02-13 12:18:04
Paris,5.79,67.0,2025-02-13 12:23:14
Paris,5.79,67.0,2025-02-13 12:23:14
Paris,5.79,67.0,2025-02-13 12:23:14
Paris,5.79,67.0,2025-02-13 12:21:09
Paris,5.79,67.0,2025-02-13 12:25:59
Paris,5.79,67.0,2025-02-13 12:28:19
Paris,5.79,67.0,2025-02-13 12:26:02
Paris,5.79,67.0,2025-02-13 12:26:02
Paris,5.79,67.0,2025-02-13 12:26:02
Paris,5.79,67.0,2025-02-13 12:26:02
Paris,5.79,67.0,2025-02-13 12:32:21
Paris,5.79,67.0,2025-02-13 12:32:21
Paris,5.79,67.0,2025-02-13 12:32:21
Paris,5.79,67.0,2025-02-13 12:32:21
Paris,5.79,67.0,2025-02-13 12:32:21
Paris,5.79,67.0,2025-02-13 12:35:02
Paris,5.79,67.0,2025-02-13 12:35:02
Paris,5.79,67.0,2025-02-13 12:35:02
Paris,5.79,67.0,2025-02-13 12:35:02
Paris,5.79,67.0,2025-02-13 12:36:44
Paris,5.79,67.0,2025-02-13 12:36:44
Paris,5.79,67.0,2025-02-13 12:36:44
Paris,5.79,67.0,2025-02-13 12:36:44
Paris,5.79,67.0,2025-02-13 12:36:44
Paris,5.79,67.0,2025-02-13 12:36:44
Paris,5.79,69.0,2025-02-13 12:36:44
Paris,5.79,69.0,2025-02-13 12:36:44
Paris,5.67,69.0,2025-02-13 12:41:46
Paris,5.67,69.0,2025-02-13 12:41:46
Paris,5.59,69.0,2025-02-13 12:37:21
Paris,5.59,69.0,2025-02-13 12:37:21
Paris,5.87,69.0,2025-02-13 12:49:21
Paris,5.87,69.0,2025-02-13 12:49:21
Paris,5.87,69.0,2025-02-13 12:49:21
Paris,5.87,69.0,2025-02-13 12:49:21
Paris,5.87,69.0,2025-02-13 12:49:21
Paris,5.87,69.0,2025-02-13 12:49:21
Paris,5.86,69.0,2025-02-13 12:45:48
Paris,5.86,69.0,2025-02-13 12:45:48
Paris,5.86,69.0,2025-02-13 12:45:48
Paris,5.86,69.0,2025-02-13 12:45:48
Paris,5.86,69.0,2025-02-13 12:45:48
Paris,5.86,69.0,2025-02-13 12:45:48
Paris,5.86,69.0,2025-02-13 12:45:48
Paris,5.86,69.0,2025-02-13 12:45:48
Paris,5.86,69.0,2025-02-13 12:45:48
Paris,5.86,69.0,2025-02-13 12:45:48
Paris,5.86,69.0,2025-02-13 12:45:48
Paris,5.87,69.0,2025-02-13 12:46:48
Paris,5.87,69.0,2025-02-13 12:46:48
Paris,5.87,69.0,2025-02-13 12:46:48
Paris,5.87,69.0,2025-02-13 12:46:48
Paris,5.87,69.0,2025-02-13 12:57:09
Paris,5.87,69.0,2025-02-13 12:57:09
Paris,5.87,68.0,2025-02-13 12:57:09
Paris,5.87,68.0,2025-02-13 12:57:09
Paris,5.87,68.0,2025-02-13 12:57:09
Paris,5.87,68.0,2025-02-13 12:57:09
Paris,5.87,68.0,2025-02-13 12:59:47
Paris,5.87,68.0,2025-02-13 12:59:47
Paris,5.87,68.0,2025-02-13 12:59:47
Paris,5.87,68.0,2025-02-13 12:59:47
Paris,5.87,68.0,2025-02-13 12:59:47
Paris,5.87,68.0,2025-02-13 12:59:47
Paris,5.87,68.0,2025-02-13 12:59:47
Paris,5.87,68.0,2025-02-13 12:59:47
Paris,5.87,68.0,2025-02-13 12:59:47
Paris,5.87,68.0,2025-02-13 12:59:47
Paris,5.87,68.0,2025-02-13 12:59:47
Paris,5.87,68.0,2025-02-13 12:59:47
Paris,5.87,68.0,2025-02-13 12:57:09
Paris,5.87,68.0,2025-02-13 12:57:09
Paris,5.87,68.0,2025-02-13 12:57:09
Paris,5.87,68.0,2025-02-13 12:57:09
Paris,5.87,68.0,2025-02-13 13:07:22
Paris,5.87,68.0,2025-02-13 13:07:22
Paris,5.87,68.0,2025-02-13 13:07:22
Paris,5.87,68.0,2025-02-13 13:07:22
Paris,5.87,68.0,2025-02-13 13:07:22
Paris,5.87,68.0,2025-02-13 13:07:22
Paris,5.87,68.0,2025-02-13 13:07:22
Paris,5.87,68.0,2025-02-13 13:07:22
Paris,5.87,68.0,2025-02-13 13:12:30
Paris,5.87,68.0,2025-02-13 13:12:30
Paris,5.87,68.0,2025-02-13 13:12:30
Paris,5.87,68.0,2025-02-13 13:12:30
Paris,5.87,68.0,2025-02-13 13:12:30
Paris,5.87,68.0,2025-02-13 13:12:30
Paris,5.87,68.0,2025-02-13 13:12:30
Paris,5.87,68.0,2025-02-13 13:08:25
Paris,5.87,68.0,2025-02-13 13:08:25
Paris,5.98,68.0,2025-02-13 13:17:31
Paris,5.98,68.0,2025-02-13 13:17:31
Paris,5.87,68.0,2025-02-13 13:12:30
Paris,5.87,68.0,2025-02-13 13:12:30
Paris,5.87,68.0,2025-02-13 13:12:30
Paris,5.87,68.0,2025-02-13 13:12:30
Paris,5.98,68.0,2025-02-13 13:17:27
Paris,5.98,68.0,2025-02-13 13:17:27
Paris,5.98,68.0,2025-02-13 13:17:27
Paris,5.98,68.0,2025-02-13 13:17:27
Paris,5.98,68.0,2025-02-13 13:17:31
Paris,5.98,68.0,2025-02-13 13:17:31
Paris,5.98,68.0,2025-02-13 13:17:31
Paris,5.98,68.0,2025-02-13 13:17:31
Paris,5.98,68.0,2025-02-13 13:17:31
Paris,5.98,68.0,2025-02-13 13:17:31
Paris,5.98,68.0,2025-02-13 13:22:28
Paris,5.98,68.0,2025-02-13 13:22:28
Paris,5.98,68.0,2025-02-13 13:22:28
Paris,5.98,68.0,2025-02-13 13:22:28
Paris,5.98,68.0,2025-02-13 13:17:31
Paris,5.98,68.0,2025-02-13 13:17:31
Algiers,15.46,68.0,2025-02-13 13:27:51
Paris,5.98,68.0,2025-02-13 13:17:31
Arrondissement de Marseille,13.62,68.0,2025-02-13 13:19:01
Algiers,15.46,68.0,2025-02-13 13:27:51
Paris,5.98,68.0,2025-02-13 13:27:47
Paris,5.98,68.0,2025-02-13 13:27:47
New York,2.71,68.0,2025-02-13 13:25:10
Paris,5.98,68.0,2025-02-13 13:27:47
Paris,5.98,68.0,2025-02-13 13:27:47
Paris,5.98,68.0,2025-02-13 13:27:47
Paris,5.98,68.0,2025-02-13 13:27:47
Paris,5.98,68.0,2025-02-13 13:27:47
Paris,5.98,68.0,2025-02-13 13:27:47
Paris,5.98,68.0,2025-02-13 13:27:47
Paris,5.98,68.0,2025-02-13 13:22:37
Paris,5.98,68.0,2025-02-13 13:22:37
Paris,5.98,68.0,2025-02-13 13:22:37
Paris,5.98,68.0,2025-02-13 13:22:37
Paris,5.98,68.0,2025-02-13 13:22:37
Paris,6.0,68.0,2025-02-13 13:34:02
Paris,6.0,68.0,2025-02-13 13:34:02
Paris,6.0,68.0,2025-02-13 13:34:02
Paris,6.0,68.0,2025-02-13 13:34:02
Paris,6.0,68.0,2025-02-13 13:34:02
Paris,6.0,68.0,2025-02-13 13:34:02
Paris,6.0,68.0,2025-02-13 13:34:02
Paris,6.0,68.0,2025-02-13 13:34:02
Paris,6.0,68.0,2025-02-13 13:34:02
Paris,6.0,68.0,2025-02-13 13:34:02
Paris,6.0,68.0,2025-02-13 13:34:02
Paris,6.0,68.0,2025-02-13 13:34:02
Paris,6.0,68.0,2025-02-13 13:34:02
Paris,5.97,68.0,2025-02-13 13:43:15
Paris,5.97,68.0,2025-02-13 13:43:15
Paris,5.97,68.0,2025-02-13 13:43:15
Paris,5.97,68.0,2025-02-13 13:43:15
Paris,5.97,68.0,2025-02-13 13:43:15
Paris,5.97,68.0,2025-02-13 13:43:15
Paris,5.97,68.0,2025-02-13 13:43:15
Paris,5.97,68.0,2025-02-13 13:43:15
Paris,5.97,68.0,2025-02-13 13:43:15
Paris,5.97,68.0,2025-02-13 13:43:15
Paris,5.97,68.0,2025-02-13 13:43:15
Paris,5.97,68.0,2025-02-13 13:43:15
Paris,5.97,68.0,2025-02-13 13:43:15
Paris,5.97,68.0,2025-02-13 13:43:15
Paris,5.97,68.0,2025-02-13 13:43:15
Paris,5.97,68.0,2025-02-13 13:43:15
Paris,5.97,68.0,2025-02-13 13:43:15
Paris,5.97,68.0,2025-02-13 13:43:15
Paris,5.97,68.0,2025-02-13 13:43:15
Paris,5.97,68.0,2025-02-13 13:43:15
Paris,5.97,68.0,2025-02-13 13:48:35
Paris,5.97,68.0,2025-02-13 13:48:35
Paris,5.97,68.0,2025-02-13 13:48:35
Paris,5.97,68.0,2025-02-13 13:48:35
Paris,5.97,68.0,2025-02-13 13:48:35
Paris,5.97,68.0,2025-02-13 13:48:35
Paris,5.97,68.0,2025-02-13 13:48:35
Paris,5.97,68.0,2025-02-13 13:48:35
Paris,5.97,68.0,2025-02-13 13:48:35
Paris,5.97,68.0,2025-02-13 13:48:35
Paris,5.97,68.0,2025-02-13 13:48:27
Paris,5.97,68.0,2025-02-13 13:48:27
Paris,5.97,68.0,2025-02-13 13:48:27
Paris,5.97,68.0,2025-02-13 13:48:27
Paris,5.97,68.0,2025-02-13 13:48:27
Paris,5.97,68.0,2025-02-13 13:48:27
Paris,5.92,68.0,2025-02-13 13:59:35
Paris,5.92,68.0,2025-02-13 13:59:35
Paris,5.92,68.0,2025-02-13 13:59:35
Paris,5.92,68.0,2025-02-13 13:59:35
Paris,5.92,68.0,2025-02-13 13:53:27
Paris,5.92,68.0,2025-02-13 13:53:27
Paris,5.92,68.0,2025-02-13 13:53:27
Paris,5.92,68.0,2025-02-13 13:53:27
