city,temperature,date_time,weather_description,clouds,wind,humidity,pressure
Paris,3.96,2025-02-13 22:45:11,Clouds,100,4.12,80,1023
Paris,3.96,2025-02-13 22:45:11,Clouds,100,4.12,80,1023
Paris,3.96,2025-02-13 22:42:48,Clouds,100,4.12,80,1023
Paris,3.96,2025-02-13 22:43:22,Clouds,100,4.12,80,1023
Paris,3.96,2025-02-13 22:43:22,Clouds,100,4.12,80,1023
Paris,3.96,2025-02-13 22:43:22,Clouds,100,4.12,80,1023
Paris,3.96,2025-02-13 22:43:22,Clouds,100,4.12,80,1023
Paris,3.96,2025-02-13 22:43:22,Clouds,100,4.12,80,1023
Paris,3.96,2025-02-13 22:43:22,Clouds,100,4.12,80,1023
Paris,3.96,2025-02-13 22:43:22,Clouds,100,4.12,80,1023
Paris,3.87,2025-02-13 22:55:08,Clouds,100,4.12,81,1023
Paris,3.87,2025-02-13 22:55:08,Clouds,100,4.12,81,1023
Paris,3.87,2025-02-13 22:55:08,Clouds,100,4.12,81,1023
Paris,3.65,2025-02-13 23:07:18,Clouds,100,4.12,81,1023
Paris,3.65,2025-02-13 23:07:18,Clouds,100,4.12,81,1023
Paris,3.65,2025-02-13 23:07:18,Clouds,100,4.12,81,1023
Paris,3.65,2025-02-13 23:07:18,Clouds,100,4.12,81,1023
Paris,3.65,2025-02-13 23:07:18,Clouds,100,4.12,81,1023
Paris,3.65,2025-02-13 23:07:18,Clouds,100,4.12,81,1023
Paris,3.83,2025-02-13 23:03:27,Clouds,100,4.12,81,1023
