zone,power_Consumption_Breakdown,power_Production_Breakdown,datetime
France Métropolitaine,"{""nuclear"":44794,""geothermal"":0,""biomass"":1010,""coal"":662,""wind"":4924,""solar"":2120,""hydro"":8443,""gas"":3866,""oil"":78,""unknown"":42,""hydro discharge"":1332,""battery discharge"":16}","{""nuclear"":47255,""geothermal"":null,""biomass"":986,""coal"":549,""wind"":4584,""solar"":1469,""hydro"":8688,""gas"":3400,""oil"":79,""unknown"":null,""hydro discharge"":1370,""battery discharge"":17}",2025-02-10 15:00:00
Corse,"{""nuclear"":0,""geothermal"":0,""biomass"":6,""coal"":1,""wind"":2,""solar"":30,""hydro"":27,""gas"":14,""oil"":109,""unknown"":5,""hydro discharge"":0,""battery discharge"":0}","{""nuclear"":null,""geothermal"":null,""biomass"":0,""coal"":null,""wind"":0,""solar"":30,""hydro"":26,""gas"":0,""oil"":107,""unknown"":null,""hydro discharge"":null,""battery discharge"":0}",2025-02-10 15:00:00
France Métropolitaine,"{""nuclear"":44794,""geothermal"":0,""biomass"":1010,""coal"":662,""wind"":4924,""solar"":2120,""hydro"":8443,""gas"":3866,""oil"":78,""unknown"":42,""hydro discharge"":1332,""battery discharge"":16}","{""nuclear"":47255,""geothermal"":null,""biomass"":986,""coal"":549,""wind"":4584,""solar"":1469,""hydro"":8688,""gas"":3400,""oil"":79,""unknown"":null,""hydro discharge"":1370,""battery discharge"":17}",2025-02-10 15:00:00
Corse,"{""nuclear"":0,""geothermal"":0,""biomass"":6,""coal"":1,""wind"":2,""solar"":30,""hydro"":27,""gas"":14,""oil"":109,""unknown"":5,""hydro discharge"":0,""battery discharge"":0}","{""nuclear"":null,""geothermal"":null,""biomass"":0,""coal"":null,""wind"":0,""solar"":30,""hydro"":26,""gas"":0,""oil"":107,""unknown"":null,""hydro discharge"":null,""battery discharge"":0}",2025-02-10 15:00:00
France Métropolitaine,"{""nuclear"":44794,""geothermal"":0,""biomass"":1010,""coal"":662,""wind"":4924,""solar"":2120,""hydro"":8443,""gas"":3866,""oil"":78,""unknown"":42,""hydro discharge"":1332,""battery discharge"":16}","{""nuclear"":47255,""geothermal"":null,""biomass"":986,""coal"":549,""wind"":4584,""solar"":1469,""hydro"":8688,""gas"":3400,""oil"":79,""unknown"":null,""hydro discharge"":1370,""battery discharge"":17}",2025-02-10 15:00:00
Corse,"{""nuclear"":0,""geothermal"":0,""biomass"":6,""coal"":1,""wind"":2,""solar"":30,""hydro"":27,""gas"":14,""oil"":109,""unknown"":5,""hydro discharge"":0,""battery discharge"":0}","{""nuclear"":null,""geothermal"":null,""biomass"":0,""coal"":null,""wind"":0,""solar"":30,""hydro"":26,""gas"":0,""oil"":107,""unknown"":null,""hydro discharge"":null,""battery discharge"":0}",2025-02-10 15:00:00
France Métropolitaine,"{""nuclear"":42307,""geothermal"":0,""biomass"":922,""coal"":472,""wind"":2407,""solar"":0,""hydro"":9295,""gas"":6645,""oil"":329,""unknown"":38,""hydro discharge"":2914,""battery discharge"":7}","{""nuclear"":46801,""geothermal"":null,""biomass"":988,""coal"":488,""wind"":2548,""solar"":0,""hydro"":10371,""gas"":6952,""oil"":367,""unknown"":null,""hydro discharge"":3251,""battery discharge"":8}",2025-02-11 20:00:00
Corse,"{""nuclear"":0,""geothermal"":0,""biomass"":0,""coal"":18,""wind"":0,""solar"":0,""hydro"":85,""gas"":12,""oil"":106,""unknown"":0,""hydro discharge"":0,""battery discharge"":4}","{""nuclear"":null,""geothermal"":null,""biomass"":0,""coal"":null,""wind"":0,""solar"":0,""hydro"":84,""gas"":0,""oil"":106,""unknown"":null,""hydro discharge"":null,""battery discharge"":4}",2025-02-11 20:00:00
France Métropolitaine,"{""nuclear"":44181,""geothermal"":0,""biomass"":993,""coal"":597,""wind"":2811,""solar"":1,""hydro"":10444,""gas"":7275,""oil"":344,""unknown"":50,""hydro discharge"":3671,""battery discharge"":0}","{""nuclear"":46884,""geothermal"":null,""biomass"":994,""coal"":488,""wind"":2734,""solar"":0,""hydro"":10919,""gas"":7235,""oil"":367,""unknown"":null,""hydro discharge"":3925,""battery discharge"":-6}",2025-02-11 20:00:00
Corse,"{""nuclear"":0,""geothermal"":0,""biomass"":1,""coal"":15,""wind"":1,""solar"":0,""hydro"":86,""gas"":15,""oil"":107,""unknown"":1,""hydro discharge"":0,""battery discharge"":2}","{""nuclear"":null,""geothermal"":null,""biomass"":0,""coal"":null,""wind"":0,""solar"":0,""hydro"":85,""gas"":0,""oil"":107,""unknown"":null,""hydro discharge"":null,""battery discharge"":2}",2025-02-11 20:00:00
France Métropolitaine,"{""nuclear"":44542,""geothermal"":0,""biomass"":1045,""coal"":710,""wind"":2918,""solar"":0,""hydro"":9855,""gas"":6868,""oil"":351,""unknown"":50,""hydro discharge"":3424,""battery discharge"":0}","{""nuclear"":46681,""geothermal"":null,""biomass"":997,""coal"":487,""wind"":2656,""solar"":0,""hydro"":10313,""gas"":6608,""oil"":367,""unknown"":null,""hydro discharge"":3606,""battery discharge"":-19}",2025-02-11 21:00:00
Corse,"{""nuclear"":0,""geothermal"":0,""biomass"":1,""coal"":15,""wind"":1,""solar"":0,""hydro"":78,""gas"":14,""oil"":107,""unknown"":0,""hydro discharge"":1,""battery discharge"":2}","{""nuclear"":null,""geothermal"":null,""biomass"":0,""coal"":null,""wind"":0,""solar"":0,""hydro"":77,""gas"":0,""oil"":106,""unknown"":null,""hydro discharge"":null,""battery discharge"":2}",2025-02-11 21:00:00
France Métropolitaine,"{""nuclear"":44542,""geothermal"":0,""biomass"":1045,""coal"":710,""wind"":2918,""solar"":0,""hydro"":9855,""gas"":6868,""oil"":351,""unknown"":50,""hydro discharge"":3424,""battery discharge"":0}","{""nuclear"":46681,""geothermal"":null,""biomass"":997,""coal"":487,""wind"":2656,""solar"":0,""hydro"":10313,""gas"":6608,""oil"":367,""unknown"":null,""hydro discharge"":3606,""battery discharge"":-19}",2025-02-11 21:00:00
Corse,"{""nuclear"":0,""geothermal"":0,""biomass"":1,""coal"":15,""wind"":1,""solar"":0,""hydro"":78,""gas"":14,""oil"":107,""unknown"":0,""hydro discharge"":1,""battery discharge"":2}","{""nuclear"":null,""geothermal"":null,""biomass"":0,""coal"":null,""wind"":0,""solar"":0,""hydro"":77,""gas"":0,""oil"":106,""unknown"":null,""hydro discharge"":null,""battery discharge"":2}",2025-02-11 21:00:00
France Métropolitaine,"{""nuclear"":44542,""geothermal"":0,""biomass"":1045,""coal"":710,""wind"":2918,""solar"":0,""hydro"":9855,""gas"":6868,""oil"":351,""unknown"":50,""hydro discharge"":3424,""battery discharge"":0}","{""nuclear"":46681,""geothermal"":null,""biomass"":997,""coal"":487,""wind"":2656,""solar"":0,""hydro"":10313,""gas"":6608,""oil"":367,""unknown"":null,""hydro discharge"":3606,""battery discharge"":-19}",2025-02-11 21:00:00
Corse,"{""nuclear"":0,""geothermal"":0,""biomass"":1,""coal"":15,""wind"":1,""solar"":0,""hydro"":78,""gas"":14,""oil"":107,""unknown"":0,""hydro discharge"":1,""battery discharge"":2}","{""nuclear"":null,""geothermal"":null,""biomass"":0,""coal"":null,""wind"":0,""solar"":0,""hydro"":77,""gas"":0,""oil"":106,""unknown"":null,""hydro discharge"":null,""battery discharge"":2}",2025-02-11 21:00:00
France Métropolitaine,"{""nuclear"":43369,""geothermal"":0,""biomass"":1059,""coal"":786,""wind"":3204,""solar"":0,""hydro"":9004,""gas"":6679,""oil"":109,""unknown"":50,""hydro discharge"":1491,""battery discharge"":13}","{""nuclear"":46707,""geothermal"":null,""biomass"":996,""coal"":453,""wind"":2884,""solar"":0,""hydro"":9738,""gas"":6429,""oil"":111,""unknown"":null,""hydro discharge"":1618,""battery discharge"":14}",2025-02-11 22:00:00
Corse,"{""nuclear"":0,""geothermal"":0,""biomass"":1,""coal"":12,""wind"":1,""solar"":0,""hydro"":75,""gas"":13,""oil"":107,""unknown"":1,""hydro discharge"":0,""battery discharge"":0}","{""nuclear"":null,""geothermal"":null,""biomass"":0,""coal"":null,""wind"":0,""solar"":0,""hydro"":75,""gas"":0,""oil"":107,""unknown"":null,""hydro discharge"":null,""battery discharge"":0}",2025-02-11 22:00:00
France Métropolitaine,"{""nuclear"":43369,""geothermal"":0,""biomass"":1059,""coal"":786,""wind"":3204,""solar"":0,""hydro"":9004,""gas"":6679,""oil"":109,""unknown"":50,""hydro discharge"":1491,""battery discharge"":13}","{""nuclear"":46707,""geothermal"":null,""biomass"":996,""coal"":453,""wind"":2884,""solar"":0,""hydro"":9738,""gas"":6429,""oil"":111,""unknown"":null,""hydro discharge"":1618,""battery discharge"":14}",2025-02-11 22:00:00
Corse,"{""nuclear"":0,""geothermal"":0,""biomass"":1,""coal"":12,""wind"":1,""solar"":0,""hydro"":75,""gas"":13,""oil"":107,""unknown"":1,""hydro discharge"":0,""battery discharge"":0}","{""nuclear"":null,""geothermal"":null,""biomass"":0,""coal"":null,""wind"":0,""solar"":0,""hydro"":75,""gas"":0,""oil"":107,""unknown"":null,""hydro discharge"":null,""battery discharge"":0}",2025-02-11 22:00:00
France Métropolitaine,"{""nuclear"":44818,""geothermal"":0,""biomass"":960,""coal"":495,""wind"":2190,""solar"":4231,""hydro"":8283,""gas"":6334,""oil"":89,""unknown"":5,""hydro discharge"":1844,""battery discharge"":0}","{""nuclear"":48407,""geothermal"":null,""biomass"":998,""coal"":490,""wind"":2098,""solar"":4073,""hydro"":8800,""gas"":6325,""oil"":96,""unknown"":null,""hydro discharge"":2016,""battery discharge"":-4}",2025-02-12 11:00:00
Corse,"{""nuclear"":0,""geothermal"":0,""biomass"":1,""coal"":4,""wind"":0,""solar"":106,""hydro"":30,""gas"":9,""oil"":102,""unknown"":0,""hydro discharge"":0,""battery discharge"":0}","{""nuclear"":null,""geothermal"":null,""biomass"":0,""coal"":null,""wind"":0,""solar"":105,""hydro"":29,""gas"":0,""oil"":102,""unknown"":null,""hydro discharge"":null,""battery discharge"":0}",2025-02-12 11:00:00
France Métropolitaine,"{""nuclear"":44818,""geothermal"":0,""biomass"":960,""coal"":495,""wind"":2190,""solar"":4231,""hydro"":8283,""gas"":6334,""oil"":89,""unknown"":5,""hydro discharge"":1844,""battery discharge"":0}","{""nuclear"":48407,""geothermal"":null,""biomass"":998,""coal"":490,""wind"":2098,""solar"":4073,""hydro"":8800,""gas"":6325,""oil"":96,""unknown"":null,""hydro discharge"":2016,""battery discharge"":-4}",2025-02-12 11:00:00
Corse,"{""nuclear"":0,""geothermal"":0,""biomass"":1,""coal"":4,""wind"":0,""solar"":106,""hydro"":30,""gas"":9,""oil"":102,""unknown"":0,""hydro discharge"":0,""battery discharge"":0}","{""nuclear"":null,""geothermal"":null,""biomass"":0,""coal"":null,""wind"":0,""solar"":105,""hydro"":29,""gas"":0,""oil"":102,""unknown"":null,""hydro discharge"":null,""battery discharge"":0}",2025-02-12 11:00:00
France Métropolitaine,"{""nuclear"":44818,""geothermal"":0,""biomass"":960,""coal"":495,""wind"":2190,""solar"":4231,""hydro"":8283,""gas"":6334,""oil"":89,""unknown"":5,""hydro discharge"":1844,""battery discharge"":0}","{""nuclear"":48407,""geothermal"":null,""biomass"":998,""coal"":490,""wind"":2098,""solar"":4073,""hydro"":8800,""gas"":6325,""oil"":96,""unknown"":null,""hydro discharge"":2016,""battery discharge"":-4}",2025-02-12 11:00:00
Corse,"{""nuclear"":0,""geothermal"":0,""biomass"":1,""coal"":4,""wind"":0,""solar"":106,""hydro"":30,""gas"":9,""oil"":102,""unknown"":0,""hydro discharge"":0,""battery discharge"":0}","{""nuclear"":null,""geothermal"":null,""biomass"":0,""coal"":null,""wind"":0,""solar"":105,""hydro"":29,""gas"":0,""oil"":102,""unknown"":null,""hydro discharge"":null,""battery discharge"":0}",2025-02-12 11:00:00
France Métropolitaine,"{""nuclear"":44818,""geothermal"":0,""biomass"":960,""coal"":495,""wind"":2190,""solar"":4231,""hydro"":8283,""gas"":6334,""oil"":89,""unknown"":5,""hydro discharge"":1844,""battery discharge"":0}","{""nuclear"":48407,""geothermal"":null,""biomass"":998,""coal"":490,""wind"":2098,""solar"":4073,""hydro"":8800,""gas"":6325,""oil"":96,""unknown"":null,""hydro discharge"":2016,""battery discharge"":-4}",2025-02-12 11:00:00
Corse,"{""nuclear"":0,""geothermal"":0,""biomass"":1,""coal"":4,""wind"":0,""solar"":106,""hydro"":30,""gas"":9,""oil"":102,""unknown"":0,""hydro discharge"":0,""battery discharge"":0}","{""nuclear"":null,""geothermal"":null,""biomass"":0,""coal"":null,""wind"":0,""solar"":105,""hydro"":29,""gas"":0,""oil"":102,""unknown"":null,""hydro discharge"":null,""battery discharge"":0}",2025-02-12 11:00:00
France Métropolitaine,"{""nuclear"":44112,""geothermal"":0,""biomass"":922,""coal"":470,""wind"":1599,""solar"":4780,""hydro"":7937,""gas"":6633,""oil"":111,""unknown"":7,""hydro discharge"":1305,""battery discharge"":0}","{""nuclear"":48485,""geothermal"":null,""biomass"":993,""coal"":496,""wind"":1577,""solar"":4886,""hydro"":8619,""gas"":7067,""oil"":122,""unknown"":null,""hydro discharge"":1442,""battery discharge"":-2}",2025-02-12 12:00:00
Corse,"{""nuclear"":0,""geothermal"":0,""biomass"":0,""coal"":4,""wind"":0,""solar"":119,""hydro"":18,""gas"":8,""oil"":103,""unknown"":0,""hydro discharge"":0,""battery discharge"":0}","{""nuclear"":null,""geothermal"":null,""biomass"":0,""coal"":null,""wind"":0,""solar"":118,""hydro"":18,""gas"":0,""oil"":103,""unknown"":null,""hydro discharge"":null,""battery discharge"":0}",2025-02-12 12:00:00
France Métropolitaine,"{""nuclear"":44112,""geothermal"":0,""biomass"":922,""coal"":470,""wind"":1599,""solar"":4780,""hydro"":7937,""gas"":6633,""oil"":111,""unknown"":7,""hydro discharge"":1305,""battery discharge"":0}","{""nuclear"":48485,""geothermal"":null,""biomass"":993,""coal"":496,""wind"":1577,""solar"":4886,""hydro"":8619,""gas"":7067,""oil"":122,""unknown"":null,""hydro discharge"":1442,""battery discharge"":-2}",2025-02-12 12:00:00
Corse,"{""nuclear"":0,""geothermal"":0,""biomass"":0,""coal"":4,""wind"":0,""solar"":119,""hydro"":18,""gas"":8,""oil"":103,""unknown"":0,""hydro discharge"":0,""battery discharge"":0}","{""nuclear"":null,""geothermal"":null,""biomass"":0,""coal"":null,""wind"":0,""solar"":118,""hydro"":18,""gas"":0,""oil"":103,""unknown"":null,""hydro discharge"":null,""battery discharge"":0}",2025-02-12 12:00:00
France Métropolitaine,"{""nuclear"":44112,""geothermal"":0,""biomass"":922,""coal"":470,""wind"":1599,""solar"":4780,""hydro"":7937,""gas"":6633,""oil"":111,""unknown"":7,""hydro discharge"":1305,""battery discharge"":0}","{""nuclear"":48485,""geothermal"":null,""biomass"":993,""coal"":496,""wind"":1577,""solar"":4886,""hydro"":8619,""gas"":7067,""oil"":122,""unknown"":null,""hydro discharge"":1442,""battery discharge"":-2}",2025-02-12 12:00:00
Corse,"{""nuclear"":0,""geothermal"":0,""biomass"":0,""coal"":4,""wind"":0,""solar"":119,""hydro"":18,""gas"":8,""oil"":103,""unknown"":0,""hydro discharge"":0,""battery discharge"":0}","{""nuclear"":null,""geothermal"":null,""biomass"":0,""coal"":null,""wind"":0,""solar"":118,""hydro"":18,""gas"":0,""oil"":103,""unknown"":null,""hydro discharge"":null,""battery discharge"":0}",2025-02-12 12:00:00
France Métropolitaine,"{""nuclear"":44112,""geothermal"":0,""biomass"":922,""coal"":470,""wind"":1599,""solar"":4780,""hydro"":7937,""gas"":6633,""oil"":111,""unknown"":7,""hydro discharge"":1305,""battery discharge"":0}","{""nuclear"":48485,""geothermal"":null,""biomass"":993,""coal"":496,""wind"":1577,""solar"":4886,""hydro"":8619,""gas"":7067,""oil"":122,""unknown"":null,""hydro discharge"":1442,""battery discharge"":-2}",2025-02-12 12:00:00
Corse,"{""nuclear"":0,""geothermal"":0,""biomass"":0,""coal"":4,""wind"":0,""solar"":119,""hydro"":18,""gas"":8,""oil"":103,""unknown"":0,""hydro discharge"":0,""battery discharge"":0}","{""nuclear"":null,""geothermal"":null,""biomass"":0,""coal"":null,""wind"":0,""solar"":118,""hydro"":18,""gas"":0,""oil"":103,""unknown"":null,""hydro discharge"":null,""battery discharge"":0}",2025-02-12 12:00:00
France Métropolitaine,"{""nuclear"":44437,""geothermal"":0,""biomass"":934,""coal"":482,""wind"":1325,""solar"":4548,""hydro"":7974,""gas"":6936,""oil"":102,""unknown"":10,""hydro discharge"":860,""battery discharge"":0}","{""nuclear"":48496,""geothermal"":null,""biomass"":986,""coal"":487,""wind"":1224,""solar"":4528,""hydro"":8634,""gas"":7200,""oil"":111,""unknown"":null,""hydro discharge"":939,""battery discharge"":-5}",2025-02-12 13:00:00
Corse,"{""nuclear"":0,""geothermal"":0,""biomass"":0,""coal"":2,""wind"":0,""solar"":121,""hydro"":20,""gas"":5,""oil"":100,""unknown"":0,""hydro discharge"":0,""battery discharge"":0}","{""nuclear"":null,""geothermal"":null,""biomass"":0,""coal"":null,""wind"":0,""solar"":120,""hydro"":20,""gas"":0,""oil"":100,""unknown"":null,""hydro discharge"":null,""battery discharge"":0}",2025-02-12 13:00:00
France Métropolitaine,"{""nuclear"":42643,""geothermal"":0,""biomass"":878,""coal"":455,""wind"":1039,""solar"":1804,""hydro"":8352,""gas"":6655,""oil"":96,""unknown"":2,""hydro discharge"":2275,""battery discharge"":12}","{""nuclear"":48613,""geothermal"":null,""biomass"":983,""coal"":507,""wind"":856,""solar"":1643,""hydro"":9413,""gas"":7457,""oil"":110,""unknown"":null,""hydro discharge"":2605,""battery discharge"":14}",2025-02-12 16:00:00
Corse,"{""nuclear"":0,""geothermal"":0,""biomass"":1,""coal"":11,""wind"":1,""solar"":24,""hydro"":18,""gas"":7,""oil"":105,""unknown"":0,""hydro discharge"":0,""battery discharge"":0}","{""nuclear"":null,""geothermal"":null,""biomass"":0,""coal"":null,""wind"":0,""solar"":23,""hydro"":18,""gas"":0,""oil"":106,""unknown"":null,""hydro discharge"":null,""battery discharge"":0}",2025-02-12 16:00:00
France Métropolitaine,"{""nuclear"":42643,""geothermal"":0,""biomass"":878,""coal"":455,""wind"":1039,""solar"":1804,""hydro"":8352,""gas"":6655,""oil"":96,""unknown"":2,""hydro discharge"":2275,""battery discharge"":12}","{""nuclear"":48613,""geothermal"":null,""biomass"":983,""coal"":507,""wind"":856,""solar"":1643,""hydro"":9413,""gas"":7457,""oil"":110,""unknown"":null,""hydro discharge"":2605,""battery discharge"":14}",2025-02-12 16:00:00
Corse,"{""nuclear"":0,""geothermal"":0,""biomass"":1,""coal"":11,""wind"":1,""solar"":24,""hydro"":18,""gas"":7,""oil"":105,""unknown"":0,""hydro discharge"":0,""battery discharge"":0}","{""nuclear"":null,""geothermal"":null,""biomass"":0,""coal"":null,""wind"":0,""solar"":23,""hydro"":18,""gas"":0,""oil"":106,""unknown"":null,""hydro discharge"":null,""battery discharge"":0}",2025-02-12 16:00:00
France Métropolitaine,"{""nuclear"":45258,""geothermal"":0,""biomass"":916,""coal"":474,""wind"":1228,""solar"":1005,""hydro"":9947,""gas"":7192,""oil"":107,""unknown"":9,""hydro discharge"":3431,""battery discharge"":10}","{""nuclear"":48625,""geothermal"":null,""biomass"":983,""coal"":507,""wind"":1237,""solar"":1030,""hydro"":10405,""gas"":7701,""oil"":115,""unknown"":null,""hydro discharge"":3703,""battery discharge"":10}",2025-02-12 17:00:00
Corse,"{""nuclear"":0,""geothermal"":0,""biomass"":1,""coal"":12,""wind"":1,""solar"":0,""hydro"":55,""gas"":8,""oil"":107,""unknown"":1,""hydro discharge"":0,""battery discharge"":4}","{""nuclear"":null,""geothermal"":null,""biomass"":0,""coal"":null,""wind"":0,""solar"":0,""hydro"":56,""gas"":0,""oil"":108,""unknown"":null,""hydro discharge"":null,""battery discharge"":4}",2025-02-12 17:00:00
France Métropolitaine,"{""nuclear"":44259,""geothermal"":0,""biomass"":953,""coal"":472,""wind"":1562,""solar"":0,""hydro"":10295,""gas"":6796,""oil"":101,""unknown"":7,""hydro discharge"":3091,""battery discharge"":0}","{""nuclear"":48598,""geothermal"":null,""biomass"":1004,""coal"":490,""wind"":828,""solar"":0,""hydro"":10821,""gas"":6931,""oil"":109,""unknown"":null,""hydro discharge"":3256,""battery discharge"":-14}",2025-02-12 21:00:00
Corse,"{""nuclear"":0,""geothermal"":1,""biomass"":1,""coal"":12,""wind"":0,""solar"":0,""hydro"":75,""gas"":13,""oil"":106,""unknown"":0,""hydro discharge"":2,""battery discharge"":0}","{""nuclear"":null,""geothermal"":null,""biomass"":0,""coal"":null,""wind"":0,""solar"":0,""hydro"":74,""gas"":0,""oil"":106,""unknown"":null,""hydro discharge"":null,""battery discharge"":0}",2025-02-12 21:00:00
France Métropolitaine,"{""nuclear"":43863,""geothermal"":0,""biomass"":925,""coal"":517,""wind"":1755,""solar"":3186,""hydro"":9241,""gas"":6757,""oil"":103,""unknown"":5,""hydro discharge"":1930,""battery discharge"":0}","{""nuclear"":48655,""geothermal"":null,""biomass"":995,""coal"":551,""wind"":1553,""solar"":3155,""hydro"":9944,""gas"":7152,""oil"":113,""unknown"":null,""hydro discharge"":2088,""battery discharge"":-6}",2025-02-13 09:00:00
Corse,"{""nuclear"":0,""geothermal"":0,""biomass"":0,""coal"":12,""wind"":0,""solar"":38,""hydro"":62,""gas"":12,""oil"":94,""unknown"":0,""hydro discharge"":0,""battery discharge"":0}","{""nuclear"":null,""geothermal"":null,""biomass"":0,""coal"":null,""wind"":0,""solar"":37,""hydro"":61,""gas"":0,""oil"":94,""unknown"":null,""hydro discharge"":null,""battery discharge"":0}",2025-02-13 09:00:00
France Métropolitaine,"{""nuclear"":43268,""geothermal"":0,""biomass"":906,""coal"":503,""wind"":1720,""solar"":1691,""hydro"":9921,""gas"":6982,""oil"":98,""unknown"":4,""hydro discharge"":3093,""battery discharge"":0}","{""nuclear"":48840,""geothermal"":null,""biomass"":995,""coal"":548,""wind"":1591,""solar"":1641,""hydro"":10938,""gas"":7516,""oil"":110,""unknown"":null,""hydro discharge"":3433,""battery discharge"":-6}",2025-02-13 09:00:00
Corse,"{""nuclear"":0,""geothermal"":0,""biomass"":1,""coal"":14,""wind"":0,""solar"":31,""hydro"":59,""gas"":15,""oil"":94,""unknown"":1,""hydro discharge"":0,""battery discharge"":0}","{""nuclear"":null,""geothermal"":null,""biomass"":0,""coal"":null,""wind"":0,""solar"":30,""hydro"":59,""gas"":0,""oil"":94,""unknown"":null,""hydro discharge"":null,""battery discharge"":0}",2025-02-13 09:00:00
France Métropolitaine,"{""nuclear"":43353,""geothermal"":0,""biomass"":910,""coal"":513,""wind"":1681,""solar"":3257,""hydro"":9165,""gas"":6611,""oil"":53,""unknown"":4,""hydro discharge"":2308,""battery discharge"":0}","{""nuclear"":48790,""geothermal"":null,""biomass"":995,""coal"":555,""wind"":1531,""solar"":3243,""hydro"":10076,""gas"":7159,""oil"":59,""unknown"":null,""hydro discharge"":2592,""battery discharge"":-11}",2025-02-13 10:00:00
Corse,"{""nuclear"":0,""geothermal"":0,""biomass"":1,""coal"":13,""wind"":0,""solar"":48,""hydro"":55,""gas"":13,""oil"":94,""unknown"":0,""hydro discharge"":0,""battery discharge"":0}","{""nuclear"":null,""geothermal"":null,""biomass"":0,""coal"":null,""wind"":0,""solar"":47,""hydro"":55,""gas"":0,""oil"":94,""unknown"":null,""hydro discharge"":null,""battery discharge"":0}",2025-02-13 10:00:00
France Métropolitaine,"{""nuclear"":43353,""geothermal"":0,""biomass"":910,""coal"":513,""wind"":1681,""solar"":3257,""hydro"":9165,""gas"":6611,""oil"":53,""unknown"":4,""hydro discharge"":2308,""battery discharge"":0}","{""nuclear"":48790,""geothermal"":null,""biomass"":995,""coal"":555,""wind"":1531,""solar"":3243,""hydro"":10076,""gas"":7159,""oil"":59,""unknown"":null,""hydro discharge"":2592,""battery discharge"":-11}",2025-02-13 10:00:00
Corse,"{""nuclear"":0,""geothermal"":0,""biomass"":1,""coal"":13,""wind"":0,""solar"":48,""hydro"":55,""gas"":13,""oil"":94,""unknown"":0,""hydro discharge"":0,""battery discharge"":0}","{""nuclear"":null,""geothermal"":null,""biomass"":0,""coal"":null,""wind"":0,""solar"":47,""hydro"":55,""gas"":0,""oil"":94,""unknown"":null,""hydro discharge"":null,""battery discharge"":0}",2025-02-13 10:00:00
France Métropolitaine,"{""nuclear"":43353,""geothermal"":0,""biomass"":910,""coal"":513,""wind"":1681,""solar"":3257,""hydro"":9165,""gas"":6611,""oil"":53,""unknown"":4,""hydro discharge"":2308,""battery discharge"":0}","{""nuclear"":48790,""geothermal"":null,""biomass"":995,""coal"":555,""wind"":1531,""solar"":3243,""hydro"":10076,""gas"":7159,""oil"":59,""unknown"":null,""hydro discharge"":2592,""battery discharge"":-11}",2025-02-13 10:00:00
Corse,"{""nuclear"":0,""geothermal"":0,""biomass"":1,""coal"":13,""wind"":0,""solar"":48,""hydro"":55,""gas"":13,""oil"":94,""unknown"":0,""hydro discharge"":0,""battery discharge"":0}","{""nuclear"":null,""geothermal"":null,""biomass"":0,""coal"":null,""wind"":0,""solar"":47,""hydro"":55,""gas"":0,""oil"":94,""unknown"":null,""hydro discharge"":null,""battery discharge"":0}",2025-02-13 10:00:00
France Métropolitaine,"{""nuclear"":43484,""geothermal"":0,""biomass"":909,""coal"":510,""wind"":1490,""solar"":4507,""hydro"":9226,""gas"":6404,""oil"":87,""unknown"":4,""hydro discharge"":2597,""battery discharge"":0}","{""nuclear"":48791,""geothermal"":null,""biomass"":994,""coal"":553,""wind"":1437,""solar"":4437,""hydro"":10157,""gas"":6956,""oil"":97,""unknown"":null,""hydro discharge"":2933,""battery discharge"":-1}",2025-02-13 11:00:00
Corse,"{""nuclear"":0,""geothermal"":0,""biomass"":1,""coal"":11,""wind"":0,""solar"":56,""hydro"":37,""gas"":13,""oil"":95,""unknown"":0,""hydro discharge"":0,""battery discharge"":0}","{""nuclear"":null,""geothermal"":null,""biomass"":0,""coal"":null,""wind"":0,""solar"":55,""hydro"":36,""gas"":0,""oil"":95,""unknown"":null,""hydro discharge"":null,""battery discharge"":0}",2025-02-13 11:00:00
France Métropolitaine,"{""nuclear"":43484,""geothermal"":0,""biomass"":909,""coal"":510,""wind"":1490,""solar"":4507,""hydro"":9226,""gas"":6404,""oil"":87,""unknown"":4,""hydro discharge"":2597,""battery discharge"":0}","{""nuclear"":48791,""geothermal"":null,""biomass"":994,""coal"":553,""wind"":1437,""solar"":4437,""hydro"":10157,""gas"":6956,""oil"":97,""unknown"":null,""hydro discharge"":2933,""battery discharge"":-1}",2025-02-13 11:00:00
Corse,"{""nuclear"":0,""geothermal"":0,""biomass"":1,""coal"":11,""wind"":0,""solar"":56,""hydro"":37,""gas"":13,""oil"":95,""unknown"":0,""hydro discharge"":0,""battery discharge"":0}","{""nuclear"":null,""geothermal"":null,""biomass"":0,""coal"":null,""wind"":0,""solar"":55,""hydro"":36,""gas"":0,""oil"":95,""unknown"":null,""hydro discharge"":null,""battery discharge"":0}",2025-02-13 11:00:00
